'14-f-12.png','Age_11-14'
'15-m-5.png','Age_15-18'
'14-f-2274.png','Age_11-14'
'8-m-4085.png','Age_11-14'
'17-f-6.png','Age_15-18'
'17-m-2.png','Age_15-18'
'12-m-2.png','Age_11-14'
'22-m-2634.png','Age_15-18'
'9-m-2817.png','Age_11-14'
'22-f-7120.png','Age_15-18'
'16-m-1307.png','Age_15-18'
'14-f-24.png','Age_11-14'
'22-f-5569.png','Age_11-14'
'17-m-1822.png','Age_15-18'
'11-m-85342.png','Age_11-14'
'18-m-792.png','Age_15-18'
'24-m-2400.png','Age_15-18'
'15-m-1043.png','Age_15-18'
'17-f-4818.png','Age_15-18'
'23-f-5622.png','Age_11-14'
'23-m-6197.png','Age_19-24'
'14-m-5.png','Age_11-14'
'18-f-3.png','Age_11-14'
'24-m-5522.png','Age_19-24'
'24-f-2270.png','Age_15-18'
'16-m-3852.png','Age_15-18'
'12-m-6858.png','Age_11-14'
'19-f-8074.png','Age_15-18'
'12-m-4957.png','Age_11-14'
'21-m-5201.png','Age_11-14'
'10-m-701.png','Age_11-14'
'12-m-06.png','Age_11-14'
'20-m-4474.png','Age_19-24'
'23-m-4009.png','Age_19-24'
'21-f-2.png','Age_19-24'
'10-m-3579.png','Age_11-14'
'12-m-63512.png','Age_11-14'
'11-m-27.png','Age_11-14'
'10-m-4403.png','Age_11-14'
'12-f-2.png','Age_11-14'
'16-f-8018.png','Age_11-14'
'15-f-65.png','Age_15-18'
'18-f-2.png','Age_11-14'
'16-f-4087.png','Age_15-18'
'17-f-9463.png','Age_15-18'
'15-m-18.png','Age_11-14'
'15-m-27.png','Age_11-14'
'15-m-2.png','Age_11-14'
'7-f-3176.png','Age_11-14'
'18-f-9318.png','Age_11-14'
'7-f-8747.png','Age_11-14'
'15-f-355.png','Age_15-18'
'14-m-4181.png','Age_15-18'
'22-f-1801.png','Age_19-24'
'12-m-9289.png','Age_11-14'
'12-m-4023.png','Age_11-14'
'17-m-3941.png','Age_15-18'
'11-f-2539.png','Age_11-14'
'22-f-2504.png','Age_11-14'
'11-m-7596.png','Age_11-14'
'14-m-19.png','Age_11-14'
'17-f-3.png','Age_11-14'
'15-f-2945.png','Age_11-14'
'11-f-2.png','Age_11-14'
'14-f-04.png','Age_11-14'
'18-m-5812.png','Age_15-18'
'17-f-248.png','Age_15-18'
'18-m-4767.png','Age_15-18'
'14-m-31.png','Age_11-14'
'8-m-5900.png','Age_15-18'
'21-f-5281.png','Age_11-14'
'8-m-90622.png','Age_11-14'
'21-m-2222.png','Age_11-14'
'14-f-4009.png','Age_11-14'
'18-f-6487.png','Age_15-18'
'23-m-1.png','Age_19-24'
'8-m-8824.png','Age_11-14'
'11-f-4.png','Age_15-18'
'14-f-30.png','Age_11-14'
'15-m-8698.png','Age_15-18'
'16-f-23.png','Age_11-14'
'19-f-6761.png','Age_15-18'
'21-f-6406.png','Age_11-14'
'17-f-2260.png','Age_15-18'
'12-f-7895.png','Age_11-14'
'24-m-9247.png','Age_11-14'
'9-f-3805.png','Age_11-14'
'24-m-5665.png','Age_11-14'
'16-m-7420.png','Age_11-14'
'12-f-19.png','Age_11-14'
'17-m-7850.png','Age_15-18'
'14-m-6555.png','Age_11-14'
'14-f-6665.png','Age_11-14'
'8-f-263.png','Age_11-14'
'17-m-561.png','Age_15-18'
'12-f-7279.png','Age_11-14'
'14-f-3.png','Age_11-14'
'14-m-2468.png','Age_11-14'
'17-f-12.png','Age_15-18'
'9-f-1268.png','Age_11-14'
'18-f-5.png','Age_15-18'
'15-m-31.png','Age_11-14'
'17-m-5424.png','Age_11-14'
'14-m-25.png','Age_11-14'
'17-m-9845.png','Age_15-18'
'15-f-2.png','Age_11-14'
'17-f-1.png','Age_11-14'
'9-m-2.png','Age_11-14'
'7-m-37712.png','Age_11-14'
'17-f-5.png','Age_11-14'
'16-f-3306.png','Age_11-14'
'24-m-4967.png','Age_15-18'
'10-m-4.png','Age_11-14'
'23-m-9913.png','Age_15-18'
'17-f-3200.png','Age_15-18'
'14-f-23766.png','Age_11-14'
'8-m-4226.png','Age_11-14'
'18-f-981.png','Age_15-18'
'12-f-08.png','Age_11-14'
'8-m-4018.png','Age_11-14'
'14-m-12.png','Age_11-14'
'8-m-10.png','Age_11-14'
'12-f-30.png','Age_11-14'
'14-f-4.png','Age_11-14'
'24-f-1716.png','Age_11-14'
'8-m-9062.png','Age_11-14'
'20-m-4294.png','Age_19-24'
'20-f-3818.png','Age_15-18'
'24-m-6407.png','Age_15-18'
'12-f-199.png','Age_11-14'
'16-m-708.png','Age_15-18'
'20-f-2.png','Age_11-14'
'10-m-1987.png','Age_11-14'
'24-f-4236.png','Age_19-24'
'17-f-4862.png','Age_11-14'
'11-m-3463.png','Age_11-14'
'23-m-4578.png','Age_19-24'
'16-m-3131.png','Age_15-18'
'8-m-8967.png','Age_11-14'
'12-m-3286.png','Age_11-14'
'14-f-06.png','Age_11-14'
'20-m-4470.png','Age_19-24'
'8-m-8057.png','Age_11-14'
'17-m-3852.png','Age_11-14'
'14-m-581.png','Age_11-14'
'10-m-4272.png','Age_11-14'
'12-m-1270.png','Age_11-14'
'14-f-2.png','Age_11-14'
'23-f-9476.png','Age_11-14'
'11-m-5377.png','Age_11-14'
'17-f-4862.png','Age_11-14'
'8-m-4226.png','Age_11-14'
'11-m-8534.png','Age_11-14'
'23-f-2700.png','Age_19-24'
'17-f-4.png','Age_11-14'
'24-f-9346.png','Age_19-24'
'17-f-248.png','Age_15-18'
'15-m-1043.png','Age_15-18'
'14-m-12.png','Age_11-14'
'21-m-2222.png','Age_11-14'
'15-m-31.png','Age_11-14'
'24-m-2400.png','Age_15-18'
'23-f-1923.png','Age_19-24'
'12-m-7702.png','Age_11-14'
'21-m-5201.png','Age_11-14'
'20-m-3581.png','Age_11-14'
'14-m-4181.png','Age_15-18'
'17-m-561.png','Age_15-18'
'14-m-6555.png','Age_11-14'
'22-m-2634.png','Age_15-18'
'7-f-8747.png','Age_11-14'
'22-m-183.png','Age_11-14'
'10-m-3579.png','Age_11-14'
'15-m-27.png','Age_11-14'
'14-f-6665.png','Age_11-14'
'14-f-143.png','Age_11-14'
'11-m-15.png','Age_11-14'
'12-m-267.png','Age_11-14'
'11-f-8006.png','Age_11-14'
'15-m-5.png','Age_15-18'
'23-m-4578.png','Age_19-24'
'24-f-1716.png','Age_11-14'
'12-m-63512.png','Age_11-14'
'18-m-792.png','Age_15-18'
'17-f-12.png','Age_15-18'
'17-f-4818.png','Age_15-18'
'10-f-3637.png','Age_11-14'
'21-m-2330.png','Age_15-18'
'16-f-9240.png','Age_11-14'
'14-f-3.png','Age_11-14'
'8-m-8967.png','Age_11-14'
'12-f-03.png','Age_11-14'
'17-m-4392.png','Age_15-18'
'18-m-5812.png','Age_15-18'
'17-m-1822.png','Age_15-18'
'12-f-08.png','Age_11-14'
'14-m-25.png','Age_11-14'
'15-f-65.png','Age_15-18'
'14-f-23766.png','Age_11-14'
'23-m-6197.png','Age_19-24'
'24-m-3533.png','Age_11-14'
'16-m-9987.png','Age_15-18'
'18-m-4767.png','Age_15-18'
'9-m-2817.png','Age_11-14'
'12-f-2.png','Age_11-14'
'15-f-4286.png','Age_11-14'
'21-f-2.png','Age_19-24'
'11-f-4.png','Age_15-18'
'16-m-7420.png','Age_11-14'
'14-f-25.png','Age_11-14'
'14-m-1640.png','Age_11-14'
'15-m-2493.png','Age_11-14'
'12-m-06.png','Age_11-14'
'12-f-3359.png','Age_11-14'
'12-m-5705.png','Age_11-14'
'17-f-3200.png','Age_15-18'
'11-f-17.png','Age_11-14'
'18-f-5.png','Age_15-18'
'16-m-708.png','Age_15-18'
'10-m-4403.png','Age_11-14'
'19-f-8074.png','Age_15-18'
'14-m-14.png','Age_11-14'
'17-f-2260.png','Age_15-18'
'15-m-2.png','Age_11-14'
'14-m-19.png','Age_11-14'
'11-m-7596.png','Age_11-14'
'22-m-9981.png','Age_11-14'
'18-m-3351.png','Age_15-18'
'8-m-5900.png','Age_15-18'
'15-m-3354.png','Age_15-18'
'20-m-4470.png','Age_19-24'
'20-f-3818.png','Age_15-18'
'14-m-2468.png','Age_11-14'
'21-f-1.png','Age_11-14'
'14-m-7451.png','Age_11-14'
'16-m-6701.png','Age_11-14'
'18-m-2.png','Age_15-18'
'14-m-3257.png','Age_11-14'
'14-f-2274.png','Age_11-14'
'21-f-5281.png','Age_11-14'
'8-m-8057.png','Age_11-14'
'12-f-7279.png','Age_11-14'
'12-m-4023.png','Age_11-14'
'16-f-23.png','Age_11-14'
'14-f-20.png','Age_15-18'
'12-f-9.png','Age_11-14'
'14-f-24.png','Age_11-14'
'16-f-4087.png','Age_15-18'
'15-m-8698.png','Age_15-18'
'12-m-1.png','Age_11-14'
'20-m-4294.png','Age_19-24'
'24-m-4967.png','Age_15-18'
'16-m-2.png','Age_15-18'
'9-f-1268.png','Age_11-14'
'12-f-30.png','Age_11-14'
'24-m-5522.png','Age_19-24'
'24-f-3260.png','Age_11-14'
'14-m-26.png','Age_11-14'
'24-m-5665.png','Age_11-14'
'14-f-4009.png','Age_11-14'
'14-m-23.png','Age_11-14'
'22-f-7120.png','Age_15-18'
'14-f-32.png','Age_11-14'
'8-f-263.png','Age_11-14'
'11-m-5377.png','Age_11-14'
'16-f-05.png','Age_11-14'
'7-m-3771.png','Age_11-14'
'10-m-7669.png','Age_11-14'
'14-f-30.png','Age_11-14'
'12-m-2.png','Age_11-14'
'10-m-2217.png','Age_11-14'
'10-m-1.png','Age_11-14'
'16-f-884.png','Age_11-14'
'12-m-4957.png','Age_11-14'
'15-f-355.png','Age_15-18'
'14-f-2.png','Age_11-14'
'17-m-3852.png','Age_11-14'
'23-m-4009.png','Age_19-24'
'17-f-6.png','Age_15-18'
'16-m-5372.png','Age_15-18'
'14-m-581.png','Age_11-14'
'18-f-3.png','Age_11-14'
'16-m-2538.png','Age_15-18'
'17-m-1.png','Age_11-14'
'10-m-5984.png','Age_15-18'
'7-m-7419.png','Age_11-14'
'12-f-199.png','Age_11-14'
'16-m-3852.png','Age_15-18'
'18-f-981.png','Age_15-18'
'24-f-2270.png','Age_15-18'
'16-m-7116.png','Age_15-18'
'12-m-1270.png','Age_11-14'
'17-m-9845.png','Age_15-18'
'8-m-90622.png','Age_11-14'
'10-m-4.png','Age_11-14'
'24-f-4236.png','Age_19-24'
'22-f-1801.png','Age_19-24'
'17-f-7651.png','Age_15-18'
'23-f-3034.png','Age_15-18'
'21-m-3485.png','Age_11-14'